workload_id,method,applied_profile,successes,median_time_to_success_seconds,median_peak_memory_mi,median_memory_waste_ratio,acceptable,run_ids
boundary_above_0_5_conflicting,static_default,medium,5,1.0,15.844,0.978355,False,comparative-39b6973-seed20260720-static_default-boundary_above_0_5_conflicting-r03-medium;comparative-39b6973-seed20260720-static_default-boundary_above_0_5_conflicting-r02-medium;comparative-39b6973-seed20260720-static_default-boundary_above_0_5_conflicting-r00-medium;comparative-39b6973-seed20260720-static_default-boundary_above_0_5_conflicting-r04-medium;comparative-39b6973-seed20260720-static_default-boundary_above_0_5_conflicting-r01-medium
boundary_above_0_5_conflicting,intent_only,medium,5,1.0,15.59,0.978702,False,comparative-39b6973-seed20260720-intent_only-boundary_above_0_5_conflicting-r04-medium;comparative-39b6973-seed20260720-intent_only-boundary_above_0_5_conflicting-r03-medium;comparative-39b6973-seed20260720-intent_only-boundary_above_0_5_conflicting-r02-medium;comparative-39b6973-seed20260720-intent_only-boundary_above_0_5_conflicting-r01-medium;comparative-39b6973-seed20260720-intent_only-boundary_above_0_5_conflicting-r00-medium
boundary_above_0_5_conflicting,context_aware,large,5,1.0,15.57,0.989365,False,comparative-39b6973-seed20260720-context_aware-boundary_above_0_5_conflicting-r04-large;comparative-39b6973-seed20260720-context_aware-boundary_above_0_5_conflicting-r02-large;comparative-39b6973-seed20260720-context_aware-boundary_above_0_5_conflicting-r00-large;comparative-39b6973-seed20260720-context_aware-boundary_above_0_5_conflicting-r03-large;comparative-39b6973-seed20260720-context_aware-boundary_above_0_5_conflicting-r01-large
boundary_below_0_5_ambiguous,static_default,medium,5,1.0,15.809,0.978403,False,comparative-39b6973-seed20260720-static_default-boundary_below_0_5_ambiguous-r02-medium;comparative-39b6973-seed20260720-static_default-boundary_below_0_5_ambiguous-r04-medium;comparative-39b6973-seed20260720-static_default-boundary_below_0_5_ambiguous-r03-medium;comparative-39b6973-seed20260720-static_default-boundary_below_0_5_ambiguous-r01-medium;comparative-39b6973-seed20260720-static_default-boundary_below_0_5_ambiguous-r00-medium
boundary_below_0_5_ambiguous,intent_only,small,5,1.0,15.645,0.935881,True,comparative-39b6973-seed20260720-intent_only-boundary_below_0_5_ambiguous-r00-small;comparative-39b6973-seed20260720-intent_only-boundary_below_0_5_ambiguous-r04-small;comparative-39b6973-seed20260720-intent_only-boundary_below_0_5_ambiguous-r03-small;comparative-39b6973-seed20260720-intent_only-boundary_below_0_5_ambiguous-r01-small;comparative-39b6973-seed20260720-intent_only-boundary_below_0_5_ambiguous-r02-small
boundary_below_0_5_ambiguous,context_aware,small,5,1.0,15.672,0.93577,True,comparative-39b6973-seed20260720-context_aware-boundary_below_0_5_ambiguous-r00-small;comparative-39b6973-seed20260720-context_aware-boundary_below_0_5_ambiguous-r04-small;comparative-39b6973-seed20260720-context_aware-boundary_below_0_5_ambiguous-r02-small;comparative-39b6973-seed20260720-context_aware-boundary_below_0_5_ambiguous-r01-small;comparative-39b6973-seed20260720-context_aware-boundary_below_0_5_ambiguous-r03-small
policy_gpu_disallowed,static_default,medium,5,1.0,15.117,0.979348,False,comparative-39b6973-seed20260720-static_default-policy_gpu_disallowed-r00-medium;comparative-39b6973-seed20260720-static_default-policy_gpu_disallowed-r01-medium;comparative-39b6973-seed20260720-static_default-policy_gpu_disallowed-r03-medium;comparative-39b6973-seed20260720-static_default-policy_gpu_disallowed-r04-medium;comparative-39b6973-seed20260720-static_default-policy_gpu_disallowed-r02-medium
policy_gpu_disallowed,intent_only,small,5,1.0,15.414,0.936828,True,comparative-39b6973-seed20260720-intent_only-policy_gpu_disallowed-r02-small;comparative-39b6973-seed20260720-intent_only-policy_gpu_disallowed-r00-small;comparative-39b6973-seed20260720-intent_only-policy_gpu_disallowed-r01-small;comparative-39b6973-seed20260720-intent_only-policy_gpu_disallowed-r04-small;comparative-39b6973-seed20260720-intent_only-policy_gpu_disallowed-r03-small
policy_gpu_disallowed,context_aware,medium,5,1.0,16.109,0.977993,False,comparative-39b6973-seed20260720-context_aware-policy_gpu_disallowed-r02-medium;comparative-39b6973-seed20260720-context_aware-policy_gpu_disallowed-r01-medium;comparative-39b6973-seed20260720-context_aware-policy_gpu_disallowed-r03-medium;comparative-39b6973-seed20260720-context_aware-policy_gpu_disallowed-r04-medium;comparative-39b6973-seed20260720-context_aware-policy_gpu_disallowed-r00-medium
