run_id,experiment_kind,workload_id,method,cpu_usage_m,measurement_statistic,sampling_interval_seconds,measurement_window_seconds,source,reconciliation_category,legacy_source_field,raw_schema_version
ground-truth-39b6973-seed20260720-profile_sweep-boundary_below_0_5_ambiguous-r01-large,ground-truth,boundary_below_0_5_ambiguous,profile_sweep,1243.999,full_window_average,,0.002403,cgroup_v2_cpu_stat_full_window_delta,average,peak_cpu_m,1.0.0
ground-truth-39b6973-seed20260720-profile_sweep-ml_sklearn_fit_memory_pressure-r02-medium,ground-truth,ml_sklearn_fit_memory_pressure,profile_sweep,1668.779,legacy_interval_sample_or_full_window_maximum,0.01,2.253515,cgroup_v2_cpu_stat_max_of_interval_samples_and_full_window_average,legacy_hybrid_maximum,peak_cpu_m,1.0.0
ground-truth-39b6973-seed20260720-profile_sweep-boundary_below_0_5_ambiguous-r02-large,ground-truth,boundary_below_0_5_ambiguous,profile_sweep,1147.059,full_window_average,,0.003146,cgroup_v2_cpu_stat_full_window_delta,average,peak_cpu_m,1.0.0
ground-truth-39b6973-seed20260720-profile_sweep-ml_sklearn_fit_medium-r02-medium,ground-truth,ml_sklearn_fit_medium,profile_sweep,1092.744,legacy_interval_sample_or_full_window_maximum,0.01,0.132335,cgroup_v2_cpu_stat_max_of_interval_samples_and_full_window_average,legacy_hybrid_maximum,peak_cpu_m,1.0.0
ground-truth-39b6973-seed20260720-profile_sweep-ml_sklearn_fit_memory_pressure-r00-medium,ground-truth,ml_sklearn_fit_memory_pressure,profile_sweep,1959.125,legacy_interval_sample_or_full_window_maximum,0.01,2.370828,cgroup_v2_cpu_stat_max_of_interval_samples_and_full_window_average,legacy_hybrid_maximum,peak_cpu_m,1.0.0
ground-truth-39b6973-seed20260720-profile_sweep-ml_sklearn_fit_memory_pressure-r00-small,ground-truth,ml_sklearn_fit_memory_pressure,profile_sweep,1394.524,legacy_interval_sample_or_full_window_maximum,0.01,4.406436,cgroup_v2_cpu_stat_max_of_interval_samples_and_full_window_average,legacy_hybrid_maximum,peak_cpu_m,1.0.0
ground-truth-39b6973-seed20260720-profile_sweep-ml_sklearn_fit_memory_pressure-r00-large,ground-truth,ml_sklearn_fit_memory_pressure,profile_sweep,1714.602,legacy_interval_sample_or_full_window_maximum,0.01,2.308761,cgroup_v2_cpu_stat_max_of_interval_samples_and_full_window_average,legacy_hybrid_maximum,peak_cpu_m,1.0.0
ground-truth-39b6973-seed20260720-profile_sweep-ml_sklearn_fit_memory_pressure-r01-medium,ground-truth,ml_sklearn_fit_memory_pressure,profile_sweep,1525.535,legacy_interval_sample_or_full_window_maximum,0.01,2.285485,cgroup_v2_cpu_stat_max_of_interval_samples_and_full_window_average,legacy_hybrid_maximum,peak_cpu_m,1.0.0
ground-truth-39b6973-seed20260720-profile_sweep-ml_sklearn_fit_medium-r02-small,ground-truth,ml_sklearn_fit_medium,profile_sweep,1007.856,legacy_interval_sample_or_full_window_maximum,0.01,0.24457,cgroup_v2_cpu_stat_max_of_interval_samples_and_full_window_average,legacy_hybrid_maximum,peak_cpu_m,1.0.0
ground-truth-39b6973-seed20260720-profile_sweep-ml_sklearn_fit_small-r00-large,ground-truth,ml_sklearn_fit_small,profile_sweep,1097.039,full_window_average,,0.007833,cgroup_v2_cpu_stat_full_window_delta,average,peak_cpu_m,1.0.0
ground-truth-39b6973-seed20260720-profile_sweep-policy_gpu_disallowed-r02-small,ground-truth,policy_gpu_disallowed,profile_sweep,1631.253,full_window_average,,0.000413,cgroup_v2_cpu_stat_full_window_delta,average,peak_cpu_m,1.0.0
ground-truth-39b6973-seed20260720-profile_sweep-boundary_below_0_5_ambiguous-r00-medium,ground-truth,boundary_below_0_5_ambiguous,profile_sweep,1092.773,full_window_average,,0.002533,cgroup_v2_cpu_stat_full_window_delta,average,peak_cpu_m,1.0.0
ground-truth-39b6973-seed20260720-profile_sweep-light_small_csv_read-r02-medium,ground-truth,light_small_csv_read,profile_sweep,1143.0,full_window_average,,0.004923,cgroup_v2_cpu_stat_full_window_delta,average,peak_cpu_m,1.0.0
ground-truth-39b6973-seed20260720-profile_sweep-data_large_aggregation-r02-large,ground-truth,data_large_aggregation,profile_sweep,1006.661,full_window_average,,0.006425,cgroup_v2_cpu_stat_full_window_delta,average,peak_cpu_m,1.0.0
ground-truth-39b6973-seed20260720-profile_sweep-light_small_csv_read-r00-large,ground-truth,light_small_csv_read,profile_sweep,1126.376,full_window_average,,0.004037,cgroup_v2_cpu_stat_full_window_delta,average,peak_cpu_m,1.0.0
ground-truth-39b6973-seed20260720-profile_sweep-boundary_below_0_5_ambiguous-r02-small,ground-truth,boundary_below_0_5_ambiguous,profile_sweep,1179.952,full_window_average,,0.002524,cgroup_v2_cpu_stat_full_window_delta,average,peak_cpu_m,1.0.0
ground-truth-39b6973-seed20260720-profile_sweep-boundary_below_0_5_ambiguous-r00-small,ground-truth,boundary_below_0_5_ambiguous,profile_sweep,1041.614,full_window_average,,0.002762,cgroup_v2_cpu_stat_full_window_delta,average,peak_cpu_m,1.0.0
ground-truth-39b6973-seed20260720-profile_sweep-data_large_aggregation-r02-small,ground-truth,data_large_aggregation,profile_sweep,1127.3,full_window_average,,0.005024,cgroup_v2_cpu_stat_full_window_delta,average,peak_cpu_m,1.0.0
ground-truth-39b6973-seed20260720-profile_sweep-data_pandas_read_transform-r01-medium,ground-truth,data_pandas_read_transform,profile_sweep,1009.684,full_window_average,,0.013953,cgroup_v2_cpu_stat_full_window_delta,average,peak_cpu_m,1.0.0
ground-truth-39b6973-seed20260720-profile_sweep-ml_sklearn_fit_small-r00-small,ground-truth,ml_sklearn_fit_small,profile_sweep,1171.291,full_window_average,,0.004812,cgroup_v2_cpu_stat_full_window_delta,average,peak_cpu_m,1.0.0
ground-truth-39b6973-seed20260720-profile_sweep-data_pandas_read_transform-r00-small,ground-truth,data_pandas_read_transform,profile_sweep,1039.468,full_window_average,,0.011199,cgroup_v2_cpu_stat_full_window_delta,average,peak_cpu_m,1.0.0
ground-truth-39b6973-seed20260720-profile_sweep-boundary_below_0_5_ambiguous-r01-small,ground-truth,boundary_below_0_5_ambiguous,profile_sweep,1268.491,full_window_average,,0.003348,cgroup_v2_cpu_stat_full_window_delta,average,peak_cpu_m,1.0.0
ground-truth-39b6973-seed20260720-profile_sweep-ml_sklearn_fit_small-r01-large,ground-truth,ml_sklearn_fit_small,profile_sweep,1133.95,full_window_average,,0.004912,cgroup_v2_cpu_stat_full_window_delta,average,peak_cpu_m,1.0.0
ground-truth-39b6973-seed20260720-profile_sweep-data_pandas_read_transform-r02-large,ground-truth,data_pandas_read_transform,profile_sweep,1057.691,full_window_average,,0.011612,cgroup_v2_cpu_stat_full_window_delta,average,peak_cpu_m,1.0.0
ground-truth-39b6973-seed20260720-profile_sweep-policy_gpu_disallowed-r00-large,ground-truth,policy_gpu_disallowed,profile_sweep,1239.887,full_window_average,,0.000577,cgroup_v2_cpu_stat_full_window_delta,average,peak_cpu_m,1.0.0
ground-truth-39b6973-seed20260720-profile_sweep-ml_sklearn_fit_small-r01-small,ground-truth,ml_sklearn_fit_small,profile_sweep,1019.383,full_window_average,,0.004655,cgroup_v2_cpu_stat_full_window_delta,average,peak_cpu_m,1.0.0
ground-truth-39b6973-seed20260720-profile_sweep-data_dataframe_join_medium-r01-large,ground-truth,data_dataframe_join_medium,profile_sweep,1116.939,full_window_average,,0.003232,cgroup_v2_cpu_stat_full_window_delta,average,peak_cpu_m,1.0.0
ground-truth-39b6973-seed20260720-profile_sweep-data_large_aggregation-r02-medium,ground-truth,data_large_aggregation,profile_sweep,1049.808,full_window_average,,0.006085,cgroup_v2_cpu_stat_full_window_delta,average,peak_cpu_m,1.0.0
ground-truth-39b6973-seed20260720-profile_sweep-light_basic_python-r01-large,ground-truth,light_basic_python,profile_sweep,1608.545,full_window_average,,0.001005,cgroup_v2_cpu_stat_full_window_delta,average,peak_cpu_m,1.0.0
ground-truth-39b6973-seed20260720-profile_sweep-light_visual_aggregation-r02-medium,ground-truth,light_visual_aggregation,profile_sweep,1487.992,full_window_average,,0.001611,cgroup_v2_cpu_stat_full_window_delta,average,peak_cpu_m,1.0.0
ground-truth-39b6973-seed20260720-profile_sweep-boundary_above_0_5_conflicting-r00-medium,ground-truth,boundary_above_0_5_conflicting,profile_sweep,1015.513,legacy_interval_sample_or_full_window_maximum,0.01,0.045202,cgroup_v2_cpu_stat_max_of_interval_samples_and_full_window_average,legacy_hybrid_maximum,peak_cpu_m,1.0.0
ground-truth-39b6973-seed20260720-profile_sweep-boundary_above_0_5_conflicting-r02-large,ground-truth,boundary_above_0_5_conflicting,profile_sweep,1005.271,legacy_interval_sample_or_full_window_maximum,0.01,0.047867,cgroup_v2_cpu_stat_max_of_interval_samples_and_full_window_average,legacy_hybrid_maximum,peak_cpu_m,1.0.0
ground-truth-39b6973-seed20260720-profile_sweep-ml_sklearn_fit_medium-r00-large,ground-truth,ml_sklearn_fit_medium,profile_sweep,1521.759,legacy_interval_sample_or_full_window_maximum,0.01,0.128707,cgroup_v2_cpu_stat_max_of_interval_samples_and_full_window_average,legacy_hybrid_maximum,peak_cpu_m,1.0.0
ground-truth-39b6973-seed20260720-profile_sweep-data_dataframe_join_medium-r00-small,ground-truth,data_dataframe_join_medium,profile_sweep,1152.941,full_window_average,,0.003271,cgroup_v2_cpu_stat_full_window_delta,average,peak_cpu_m,1.0.0
ground-truth-39b6973-seed20260720-profile_sweep-data_pandas_read_transform-r01-small,ground-truth,data_pandas_read_transform,profile_sweep,1062.39,legacy_interval_sample_or_full_window_maximum,0.01,0.011144,cgroup_v2_cpu_stat_max_of_interval_samples_and_full_window_average,legacy_hybrid_maximum,peak_cpu_m,1.0.0
ground-truth-39b6973-seed20260720-profile_sweep-ml_sklearn_fit_small-r01-medium,ground-truth,ml_sklearn_fit_small,profile_sweep,1087.82,full_window_average,,0.007545,cgroup_v2_cpu_stat_full_window_delta,average,peak_cpu_m,1.0.0
ground-truth-39b6973-seed20260720-profile_sweep-boundary_above_0_5_conflicting-r01-large,ground-truth,boundary_above_0_5_conflicting,profile_sweep,1021.908,legacy_interval_sample_or_full_window_maximum,0.01,0.045084,cgroup_v2_cpu_stat_max_of_interval_samples_and_full_window_average,legacy_hybrid_maximum,peak_cpu_m,1.0.0
ground-truth-39b6973-seed20260720-profile_sweep-light_basic_python-r02-medium,ground-truth,light_basic_python,profile_sweep,1660.669,full_window_average,,0.000979,cgroup_v2_cpu_stat_full_window_delta,average,peak_cpu_m,1.0.0
ground-truth-39b6973-seed20260720-profile_sweep-light_basic_python-r01-medium,ground-truth,light_basic_python,profile_sweep,1144.778,full_window_average,,0.001165,cgroup_v2_cpu_stat_full_window_delta,average,peak_cpu_m,1.0.0
ground-truth-39b6973-seed20260720-profile_sweep-policy_gpu_disallowed-r00-medium,ground-truth,policy_gpu_disallowed,profile_sweep,664.533,full_window_average,,0.000972,cgroup_v2_cpu_stat_full_window_delta,average,peak_cpu_m,1.0.0
ground-truth-39b6973-seed20260720-profile_sweep-light_visual_aggregation-r02-small,ground-truth,light_visual_aggregation,profile_sweep,1462.516,full_window_average,,0.001578,cgroup_v2_cpu_stat_full_window_delta,average,peak_cpu_m,1.0.0
ground-truth-39b6973-seed20260720-profile_sweep-ml_sklearn_fit_small-r02-medium,ground-truth,ml_sklearn_fit_small,profile_sweep,1059.987,full_window_average,,0.004458,cgroup_v2_cpu_stat_full_window_delta,average,peak_cpu_m,1.0.0
ground-truth-39b6973-seed20260720-profile_sweep-light_basic_python-r02-large,ground-truth,light_basic_python,profile_sweep,675.97,full_window_average,,0.001749,cgroup_v2_cpu_stat_full_window_delta,average,peak_cpu_m,1.0.0
ground-truth-39b6973-seed20260720-profile_sweep-ml_sklearn_fit_medium-r01-medium,ground-truth,ml_sklearn_fit_medium,profile_sweep,1349.39,legacy_interval_sample_or_full_window_maximum,0.01,0.154095,cgroup_v2_cpu_stat_max_of_interval_samples_and_full_window_average,legacy_hybrid_maximum,peak_cpu_m,1.0.0
ground-truth-39b6973-seed20260720-profile_sweep-light_visual_aggregation-r01-small,ground-truth,light_visual_aggregation,profile_sweep,88.256,full_window_average,,0.036226,cgroup_v2_cpu_stat_full_window_delta,average,peak_cpu_m,1.0.0
ground-truth-39b6973-seed20260720-profile_sweep-light_small_csv_read-r01-large,ground-truth,light_small_csv_read,profile_sweep,1150.713,full_window_average,,0.004402,cgroup_v2_cpu_stat_full_window_delta,average,peak_cpu_m,1.0.0
ground-truth-39b6973-seed20260720-profile_sweep-policy_gpu_disallowed-r01-medium,ground-truth,policy_gpu_disallowed,profile_sweep,2256.881,full_window_average,,0.000552,cgroup_v2_cpu_stat_full_window_delta,average,peak_cpu_m,1.0.0
ground-truth-39b6973-seed20260720-profile_sweep-light_basic_python-r01-small,ground-truth,light_basic_python,profile_sweep,1424.878,full_window_average,,0.000963,cgroup_v2_cpu_stat_full_window_delta,average,peak_cpu_m,1.0.0
ground-truth-39b6973-seed20260720-profile_sweep-boundary_above_0_5_conflicting-r00-small,ground-truth,boundary_above_0_5_conflicting,profile_sweep,557.292,legacy_interval_sample_or_full_window_maximum,0.01,0.09569,cgroup_v2_cpu_stat_max_of_interval_samples_and_full_window_average,legacy_hybrid_maximum,peak_cpu_m,1.0.0
ground-truth-39b6973-seed20260720-profile_sweep-data_dataframe_join_medium-r02-medium,ground-truth,data_dataframe_join_medium,profile_sweep,1201.275,full_window_average,,0.003915,cgroup_v2_cpu_stat_full_window_delta,average,peak_cpu_m,1.0.0
ground-truth-39b6973-seed20260720-profile_sweep-light_visual_aggregation-r01-medium,ground-truth,light_visual_aggregation,profile_sweep,1117.502,full_window_average,,0.00174,cgroup_v2_cpu_stat_full_window_delta,average,peak_cpu_m,1.0.0
ground-truth-39b6973-seed20260720-profile_sweep-ml_sklearn_fit_medium-r00-medium,ground-truth,ml_sklearn_fit_medium,profile_sweep,1124.279,legacy_interval_sample_or_full_window_maximum,0.01,0.14086,cgroup_v2_cpu_stat_max_of_interval_samples_and_full_window_average,legacy_hybrid_maximum,peak_cpu_m,1.0.0
ground-truth-39b6973-seed20260720-profile_sweep-boundary_above_0_5_conflicting-r01-medium,ground-truth,boundary_above_0_5_conflicting,profile_sweep,1019.254,legacy_interval_sample_or_full_window_maximum,0.01,0.050402,cgroup_v2_cpu_stat_max_of_interval_samples_and_full_window_average,legacy_hybrid_maximum,peak_cpu_m,1.0.0
ground-truth-39b6973-seed20260720-profile_sweep-data_pandas_read_transform-r02-small,ground-truth,data_pandas_read_transform,profile_sweep,1068.923,full_window_average,,0.01149,cgroup_v2_cpu_stat_full_window_delta,average,peak_cpu_m,1.0.0
ground-truth-39b6973-seed20260720-profile_sweep-ml_sklearn_fit_memory_pressure-r01-large,ground-truth,ml_sklearn_fit_memory_pressure,profile_sweep,1680.001,legacy_interval_sample_or_full_window_maximum,0.01,2.930679,cgroup_v2_cpu_stat_max_of_interval_samples_and_full_window_average,legacy_hybrid_maximum,peak_cpu_m,1.0.0
ground-truth-39b6973-seed20260720-profile_sweep-policy_gpu_disallowed-r00-small,ground-truth,policy_gpu_disallowed,profile_sweep,2141.315,full_window_average,,0.000789,cgroup_v2_cpu_stat_full_window_delta,average,peak_cpu_m,1.0.0
ground-truth-39b6973-seed20260720-profile_sweep-data_pandas_read_transform-r00-large,ground-truth,data_pandas_read_transform,profile_sweep,1030.017,full_window_average,,0.011189,cgroup_v2_cpu_stat_full_window_delta,average,peak_cpu_m,1.0.0
ground-truth-39b6973-seed20260720-profile_sweep-ml_sklearn_fit_medium-r01-large,ground-truth,ml_sklearn_fit_medium,profile_sweep,1489.685,legacy_interval_sample_or_full_window_maximum,0.01,0.148899,cgroup_v2_cpu_stat_max_of_interval_samples_and_full_window_average,legacy_hybrid_maximum,peak_cpu_m,1.0.0
ground-truth-39b6973-seed20260720-profile_sweep-light_basic_python-r00-medium,ground-truth,light_basic_python,profile_sweep,1498.161,full_window_average,,0.001311,cgroup_v2_cpu_stat_full_window_delta,average,peak_cpu_m,1.0.0
ground-truth-39b6973-seed20260720-profile_sweep-data_large_aggregation-r01-small,ground-truth,data_large_aggregation,profile_sweep,1124.714,full_window_average,,0.00547,cgroup_v2_cpu_stat_full_window_delta,average,peak_cpu_m,1.0.0
ground-truth-39b6973-seed20260720-profile_sweep-data_dataframe_join_medium-r00-large,ground-truth,data_dataframe_join_medium,profile_sweep,1241.819,full_window_average,,0.003721,cgroup_v2_cpu_stat_full_window_delta,average,peak_cpu_m,1.0.0
ground-truth-39b6973-seed20260720-profile_sweep-policy_gpu_disallowed-r01-large,ground-truth,policy_gpu_disallowed,profile_sweep,2743.336,full_window_average,,0.000584,cgroup_v2_cpu_stat_full_window_delta,average,peak_cpu_m,1.0.0
ground-truth-39b6973-seed20260720-profile_sweep-light_visual_aggregation-r01-large,ground-truth,light_visual_aggregation,profile_sweep,1235.914,full_window_average,,0.001853,cgroup_v2_cpu_stat_full_window_delta,average,peak_cpu_m,1.0.0
ground-truth-39b6973-seed20260720-profile_sweep-light_small_csv_read-r01-medium,ground-truth,light_small_csv_read,profile_sweep,1027.852,full_window_average,,0.005292,cgroup_v2_cpu_stat_full_window_delta,average,peak_cpu_m,1.0.0
ground-truth-39b6973-seed20260720-profile_sweep-boundary_above_0_5_conflicting-r01-small,ground-truth,boundary_above_0_5_conflicting,profile_sweep,677.409,legacy_interval_sample_or_full_window_maximum,0.01,0.098692,cgroup_v2_cpu_stat_max_of_interval_samples_and_full_window_average,legacy_hybrid_maximum,peak_cpu_m,1.0.0
ground-truth-39b6973-seed20260720-profile_sweep-light_visual_aggregation-r00-large,ground-truth,light_visual_aggregation,profile_sweep,1366.457,full_window_average,,0.002274,cgroup_v2_cpu_stat_full_window_delta,average,peak_cpu_m,1.0.0
ground-truth-39b6973-seed20260720-profile_sweep-policy_gpu_disallowed-r02-large,ground-truth,policy_gpu_disallowed,profile_sweep,2229.365,full_window_average,,0.00055,cgroup_v2_cpu_stat_full_window_delta,average,peak_cpu_m,1.0.0
ground-truth-39b6973-seed20260720-profile_sweep-boundary_above_0_5_conflicting-r02-medium,ground-truth,boundary_above_0_5_conflicting,profile_sweep,1259.475,legacy_interval_sample_or_full_window_maximum,0.01,0.050724,cgroup_v2_cpu_stat_max_of_interval_samples_and_full_window_average,legacy_hybrid_maximum,peak_cpu_m,1.0.0
ground-truth-39b6973-seed20260720-profile_sweep-boundary_below_0_5_ambiguous-r02-medium,ground-truth,boundary_below_0_5_ambiguous,profile_sweep,880.251,full_window_average,,0.004032,cgroup_v2_cpu_stat_full_window_delta,average,peak_cpu_m,1.0.0
ground-truth-39b6973-seed20260720-profile_sweep-ml_sklearn_fit_memory_pressure-r02-small,ground-truth,ml_sklearn_fit_memory_pressure,profile_sweep,1818.584,legacy_interval_sample_or_full_window_maximum,0.01,5.621546,cgroup_v2_cpu_stat_max_of_interval_samples_and_full_window_average,legacy_hybrid_maximum,peak_cpu_m,1.0.0
ground-truth-39b6973-seed20260720-profile_sweep-boundary_below_0_5_ambiguous-r00-large,ground-truth,boundary_below_0_5_ambiguous,profile_sweep,1033.275,full_window_average,,0.002563,cgroup_v2_cpu_stat_full_window_delta,average,peak_cpu_m,1.0.0
ground-truth-39b6973-seed20260720-profile_sweep-data_large_aggregation-r00-medium,ground-truth,data_large_aggregation,profile_sweep,1107.059,full_window_average,,0.00663,cgroup_v2_cpu_stat_full_window_delta,average,peak_cpu_m,1.0.0
ground-truth-39b6973-seed20260720-profile_sweep-ml_sklearn_fit_memory_pressure-r02-large,ground-truth,ml_sklearn_fit_memory_pressure,profile_sweep,1752.03,legacy_interval_sample_or_full_window_maximum,0.01,3.030182,cgroup_v2_cpu_stat_max_of_interval_samples_and_full_window_average,legacy_hybrid_maximum,peak_cpu_m,1.0.0
ground-truth-39b6973-seed20260720-profile_sweep-ml_sklearn_fit_medium-r00-small,ground-truth,ml_sklearn_fit_medium,profile_sweep,1001.473,legacy_interval_sample_or_full_window_maximum,0.01,0.313425,cgroup_v2_cpu_stat_max_of_interval_samples_and_full_window_average,legacy_hybrid_maximum,peak_cpu_m,1.0.0
ground-truth-39b6973-seed20260720-profile_sweep-data_pandas_read_transform-r00-medium,ground-truth,data_pandas_read_transform,profile_sweep,1039.855,full_window_average,,0.01295,cgroup_v2_cpu_stat_full_window_delta,average,peak_cpu_m,1.0.0
ground-truth-39b6973-seed20260720-profile_sweep-ml_sklearn_fit_small-r02-large,ground-truth,ml_sklearn_fit_small,profile_sweep,1079.785,full_window_average,,0.00679,cgroup_v2_cpu_stat_full_window_delta,average,peak_cpu_m,1.0.0
ground-truth-39b6973-seed20260720-profile_sweep-ml_sklearn_fit_small-r00-medium,ground-truth,ml_sklearn_fit_small,profile_sweep,1109.235,full_window_average,,0.006262,cgroup_v2_cpu_stat_full_window_delta,average,peak_cpu_m,1.0.0
ground-truth-39b6973-seed20260720-profile_sweep-light_small_csv_read-r02-small,ground-truth,light_small_csv_read,profile_sweep,805.322,full_window_average,,0.00846,cgroup_v2_cpu_stat_full_window_delta,average,peak_cpu_m,1.0.0
ground-truth-39b6973-seed20260720-profile_sweep-ml_sklearn_fit_medium-r01-small,ground-truth,ml_sklearn_fit_medium,profile_sweep,984.085,legacy_interval_sample_or_full_window_maximum,0.01,0.324899,cgroup_v2_cpu_stat_max_of_interval_samples_and_full_window_average,legacy_hybrid_maximum,peak_cpu_m,1.0.0
ground-truth-39b6973-seed20260720-profile_sweep-light_basic_python-r02-small,ground-truth,light_basic_python,profile_sweep,1354.081,full_window_average,,0.001476,cgroup_v2_cpu_stat_full_window_delta,average,peak_cpu_m,1.0.0
ground-truth-39b6973-seed20260720-profile_sweep-light_basic_python-r00-large,ground-truth,light_basic_python,profile_sweep,1157.107,full_window_average,,0.001395,cgroup_v2_cpu_stat_full_window_delta,average,peak_cpu_m,1.0.0
ground-truth-39b6973-seed20260720-profile_sweep-policy_gpu_disallowed-r02-medium,ground-truth,policy_gpu_disallowed,profile_sweep,1221.039,full_window_average,,0.000639,cgroup_v2_cpu_stat_full_window_delta,average,peak_cpu_m,1.0.0
ground-truth-39b6973-seed20260720-profile_sweep-data_large_aggregation-r01-medium,ground-truth,data_large_aggregation,profile_sweep,1016.162,full_window_average,,0.007315,cgroup_v2_cpu_stat_full_window_delta,average,peak_cpu_m,1.0.0
ground-truth-39b6973-seed20260720-profile_sweep-data_pandas_read_transform-r02-medium,ground-truth,data_pandas_read_transform,profile_sweep,969.533,full_window_average,,0.016708,cgroup_v2_cpu_stat_full_window_delta,average,peak_cpu_m,1.0.0
ground-truth-39b6973-seed20260720-profile_sweep-light_small_csv_read-r02-large,ground-truth,light_small_csv_read,profile_sweep,1146.087,full_window_average,,0.005876,cgroup_v2_cpu_stat_full_window_delta,average,peak_cpu_m,1.0.0
ground-truth-39b6973-seed20260720-profile_sweep-data_pandas_read_transform-r01-large,ground-truth,data_pandas_read_transform,profile_sweep,1006.968,legacy_interval_sample_or_full_window_maximum,0.01,0.014736,cgroup_v2_cpu_stat_max_of_interval_samples_and_full_window_average,legacy_hybrid_maximum,peak_cpu_m,1.0.0
ground-truth-39b6973-seed20260720-profile_sweep-ml_sklearn_fit_medium-r02-large,ground-truth,ml_sklearn_fit_medium,profile_sweep,1240.292,legacy_interval_sample_or_full_window_maximum,0.01,0.180445,cgroup_v2_cpu_stat_max_of_interval_samples_and_full_window_average,legacy_hybrid_maximum,peak_cpu_m,1.0.0
ground-truth-39b6973-seed20260720-profile_sweep-boundary_below_0_5_ambiguous-r01-medium,ground-truth,boundary_below_0_5_ambiguous,profile_sweep,1172.517,full_window_average,,0.003622,cgroup_v2_cpu_stat_full_window_delta,average,peak_cpu_m,1.0.0
ground-truth-39b6973-seed20260720-profile_sweep-data_large_aggregation-r00-large,ground-truth,data_large_aggregation,profile_sweep,1038.068,full_window_average,,0.007239,cgroup_v2_cpu_stat_full_window_delta,average,peak_cpu_m,1.0.0
ground-truth-39b6973-seed20260720-profile_sweep-light_basic_python-r00-small,ground-truth,light_basic_python,profile_sweep,1520.173,full_window_average,,0.001264,cgroup_v2_cpu_stat_full_window_delta,average,peak_cpu_m,1.0.0
ground-truth-39b6973-seed20260720-profile_sweep-policy_gpu_disallowed-r01-small,ground-truth,policy_gpu_disallowed,profile_sweep,2733.441,full_window_average,,0.000564,cgroup_v2_cpu_stat_full_window_delta,average,peak_cpu_m,1.0.0
ground-truth-39b6973-seed20260720-profile_sweep-data_dataframe_join_medium-r02-small,ground-truth,data_dataframe_join_medium,profile_sweep,1064.359,full_window_average,,0.004425,cgroup_v2_cpu_stat_full_window_delta,average,peak_cpu_m,1.0.0
ground-truth-39b6973-seed20260720-profile_sweep-light_small_csv_read-r00-small,ground-truth,light_small_csv_read,profile_sweep,1008.033,full_window_average,,0.005568,cgroup_v2_cpu_stat_full_window_delta,average,peak_cpu_m,1.0.0
ground-truth-39b6973-seed20260720-profile_sweep-light_visual_aggregation-r00-medium,ground-truth,light_visual_aggregation,profile_sweep,1274.42,full_window_average,,0.002103,cgroup_v2_cpu_stat_full_window_delta,average,peak_cpu_m,1.0.0
ground-truth-39b6973-seed20260720-profile_sweep-light_small_csv_read-r01-small,ground-truth,light_small_csv_read,profile_sweep,998.565,full_window_average,,0.005816,cgroup_v2_cpu_stat_full_window_delta,average,peak_cpu_m,1.0.0
ground-truth-39b6973-seed20260720-profile_sweep-light_visual_aggregation-r02-large,ground-truth,light_visual_aggregation,profile_sweep,1467.509,full_window_average,,0.002414,cgroup_v2_cpu_stat_full_window_delta,average,peak_cpu_m,1.0.0
ground-truth-39b6973-seed20260720-profile_sweep-ml_sklearn_fit_small-r02-small,ground-truth,ml_sklearn_fit_small,profile_sweep,1084.528,full_window_average,,0.005697,cgroup_v2_cpu_stat_full_window_delta,average,peak_cpu_m,1.0.0
ground-truth-39b6973-seed20260720-profile_sweep-light_small_csv_read-r00-medium,ground-truth,light_small_csv_read,profile_sweep,1093.462,full_window_average,,0.00729,cgroup_v2_cpu_stat_full_window_delta,average,peak_cpu_m,1.0.0
ground-truth-39b6973-seed20260720-profile_sweep-data_dataframe_join_medium-r01-medium,ground-truth,data_dataframe_join_medium,profile_sweep,1144.752,full_window_average,,0.004005,cgroup_v2_cpu_stat_full_window_delta,average,peak_cpu_m,1.0.0
ground-truth-39b6973-seed20260720-profile_sweep-ml_sklearn_fit_memory_pressure-r01-small,ground-truth,ml_sklearn_fit_memory_pressure,profile_sweep,1567.47,legacy_interval_sample_or_full_window_maximum,0.01,5.799612,cgroup_v2_cpu_stat_max_of_interval_samples_and_full_window_average,legacy_hybrid_maximum,peak_cpu_m,1.0.0
ground-truth-39b6973-seed20260720-profile_sweep-data_large_aggregation-r01-large,ground-truth,data_large_aggregation,profile_sweep,1107.861,full_window_average,,0.006968,cgroup_v2_cpu_stat_full_window_delta,average,peak_cpu_m,1.0.0
ground-truth-39b6973-seed20260720-profile_sweep-boundary_above_0_5_conflicting-r00-large,ground-truth,boundary_above_0_5_conflicting,profile_sweep,1015.289,legacy_interval_sample_or_full_window_maximum,0.01,0.057818,cgroup_v2_cpu_stat_max_of_interval_samples_and_full_window_average,legacy_hybrid_maximum,peak_cpu_m,1.0.0
ground-truth-39b6973-seed20260720-profile_sweep-data_dataframe_join_medium-r00-medium,ground-truth,data_dataframe_join_medium,profile_sweep,1087.824,full_window_average,,0.004205,cgroup_v2_cpu_stat_full_window_delta,average,peak_cpu_m,1.0.0
ground-truth-39b6973-seed20260720-profile_sweep-boundary_above_0_5_conflicting-r02-small,ground-truth,boundary_above_0_5_conflicting,profile_sweep,1385.251,legacy_interval_sample_or_full_window_maximum,0.01,0.155301,cgroup_v2_cpu_stat_max_of_interval_samples_and_full_window_average,legacy_hybrid_maximum,peak_cpu_m,1.0.0
ground-truth-39b6973-seed20260720-profile_sweep-data_dataframe_join_medium-r01-small,ground-truth,data_dataframe_join_medium,profile_sweep,1028.472,full_window_average,,0.004007,cgroup_v2_cpu_stat_full_window_delta,average,peak_cpu_m,1.0.0
ground-truth-39b6973-seed20260720-profile_sweep-data_dataframe_join_medium-r02-large,ground-truth,data_dataframe_join_medium,profile_sweep,968.263,full_window_average,,0.004851,cgroup_v2_cpu_stat_full_window_delta,average,peak_cpu_m,1.0.0
ground-truth-39b6973-seed20260720-profile_sweep-data_large_aggregation-r00-small,ground-truth,data_large_aggregation,profile_sweep,186.855,full_window_average,,0.040126,cgroup_v2_cpu_stat_full_window_delta,average,peak_cpu_m,1.0.0
ground-truth-39b6973-seed20260720-profile_sweep-light_visual_aggregation-r00-small,ground-truth,light_visual_aggregation,profile_sweep,1144.142,full_window_average,,0.001917,cgroup_v2_cpu_stat_full_window_delta,average,peak_cpu_m,1.0.0
comparative-39b6973-seed20260720-static_default-data_dataframe_join_medium-r04-medium,comparative,data_dataframe_join_medium,static_default,1203.544,full_window_average,,0.003481,cgroup_v2_cpu_stat_full_window_delta,average,peak_cpu_m,1.0.0
comparative-39b6973-seed20260720-intent_only-boundary_above_0_5_conflicting-r04-medium,comparative,boundary_above_0_5_conflicting,intent_only,1023.68,legacy_interval_sample_or_full_window_maximum,0.01,0.045965,cgroup_v2_cpu_stat_max_of_interval_samples_and_full_window_average,legacy_hybrid_maximum,peak_cpu_m,1.0.0
comparative-39b6973-seed20260720-context_aware-boundary_below_0_5_ambiguous-r00-small,comparative,boundary_below_0_5_ambiguous,context_aware,1183.482,full_window_average,,0.003632,cgroup_v2_cpu_stat_full_window_delta,average,peak_cpu_m,1.0.0
comparative-39b6973-seed20260720-static_default-ml_sklearn_fit_memory_pressure-r01-medium,comparative,ml_sklearn_fit_memory_pressure,static_default,1741.149,legacy_interval_sample_or_full_window_maximum,0.01,2.377154,cgroup_v2_cpu_stat_max_of_interval_samples_and_full_window_average,legacy_hybrid_maximum,peak_cpu_m,1.0.0
comparative-39b6973-seed20260720-context_aware-policy_gpu_disallowed-r02-medium,comparative,policy_gpu_disallowed,context_aware,2195.462,full_window_average,,0.000603,cgroup_v2_cpu_stat_full_window_delta,average,peak_cpu_m,1.0.0
comparative-39b6973-seed20260720-context_aware-policy_gpu_disallowed-r01-medium,comparative,policy_gpu_disallowed,context_aware,2218.368,full_window_average,,0.000542,cgroup_v2_cpu_stat_full_window_delta,average,peak_cpu_m,1.0.0
comparative-39b6973-seed20260720-intent_only-light_basic_python-r03-small,comparative,light_basic_python,intent_only,1317.059,full_window_average,,0.000982,cgroup_v2_cpu_stat_full_window_delta,average,peak_cpu_m,1.0.0
comparative-39b6973-seed20260720-context_aware-data_large_aggregation-r01-large,comparative,data_large_aggregation,context_aware,1025.708,full_window_average,,0.006594,cgroup_v2_cpu_stat_full_window_delta,average,peak_cpu_m,1.0.0
comparative-39b6973-seed20260720-static_default-data_dataframe_join_medium-r02-medium,comparative,data_dataframe_join_medium,static_default,1037.509,full_window_average,,0.003648,cgroup_v2_cpu_stat_full_window_delta,average,peak_cpu_m,1.0.0
comparative-39b6973-seed20260720-intent_only-data_pandas_read_transform-r03-medium,comparative,data_pandas_read_transform,intent_only,1009.887,legacy_interval_sample_or_full_window_maximum,0.01,0.015304,cgroup_v2_cpu_stat_max_of_interval_samples_and_full_window_average,legacy_hybrid_maximum,peak_cpu_m,1.0.0
comparative-39b6973-seed20260720-context_aware-policy_gpu_disallowed-r03-medium,comparative,policy_gpu_disallowed,context_aware,2141.476,full_window_average,,0.000717,cgroup_v2_cpu_stat_full_window_delta,average,peak_cpu_m,1.0.0
comparative-39b6973-seed20260720-context_aware-boundary_below_0_5_ambiguous-r04-small,comparative,boundary_below_0_5_ambiguous,context_aware,1181.315,full_window_average,,0.002921,cgroup_v2_cpu_stat_full_window_delta,average,peak_cpu_m,1.0.0
comparative-39b6973-seed20260720-static_default-ml_sklearn_fit_memory_pressure-r03-medium,comparative,ml_sklearn_fit_memory_pressure,static_default,2089.639,legacy_interval_sample_or_full_window_maximum,0.01,4.376616,cgroup_v2_cpu_stat_max_of_interval_samples_and_full_window_average,legacy_hybrid_maximum,peak_cpu_m,1.0.0
comparative-39b6973-seed20260720-context_aware-data_pandas_read_transform-r00-medium,comparative,data_pandas_read_transform,context_aware,1039.263,legacy_interval_sample_or_full_window_maximum,0.01,0.017575,cgroup_v2_cpu_stat_max_of_interval_samples_and_full_window_average,legacy_hybrid_maximum,peak_cpu_m,1.0.0
comparative-39b6973-seed20260720-context_aware-light_visual_aggregation-r00-small,comparative,light_visual_aggregation,context_aware,1364.763,full_window_average,,0.00247,cgroup_v2_cpu_stat_full_window_delta,average,peak_cpu_m,1.0.0
comparative-39b6973-seed20260720-context_aware-boundary_below_0_5_ambiguous-r02-small,comparative,boundary_below_0_5_ambiguous,context_aware,1123.149,full_window_average,,0.030401,cgroup_v2_cpu_stat_full_window_delta,average,peak_cpu_m,1.0.0
comparative-39b6973-seed20260720-context_aware-light_visual_aggregation-r04-small,comparative,light_visual_aggregation,context_aware,1042.62,full_window_average,,0.00219,cgroup_v2_cpu_stat_full_window_delta,average,peak_cpu_m,1.0.0
comparative-39b6973-seed20260720-intent_only-ml_sklearn_fit_small-r03-medium,comparative,ml_sklearn_fit_small,intent_only,1028.584,full_window_average,,0.006201,cgroup_v2_cpu_stat_full_window_delta,average,peak_cpu_m,1.0.0
comparative-39b6973-seed20260720-static_default-ml_sklearn_fit_small-r04-medium,comparative,ml_sklearn_fit_small,static_default,1061.835,full_window_average,,0.006538,cgroup_v2_cpu_stat_full_window_delta,average,peak_cpu_m,1.0.0
comparative-39b6973-seed20260720-static_default-boundary_above_0_5_conflicting-r03-medium,comparative,boundary_above_0_5_conflicting,static_default,1220.745,legacy_interval_sample_or_full_window_maximum,0.01,0.065855,cgroup_v2_cpu_stat_max_of_interval_samples_and_full_window_average,legacy_hybrid_maximum,peak_cpu_m,1.0.0
comparative-39b6973-seed20260720-intent_only-light_small_csv_read-r01-medium,comparative,light_small_csv_read,intent_only,1008.751,legacy_interval_sample_or_full_window_maximum,0.01,0.047823,cgroup_v2_cpu_stat_max_of_interval_samples_and_full_window_average,legacy_hybrid_maximum,peak_cpu_m,1.0.0
comparative-39b6973-seed20260720-intent_only-data_large_aggregation-r00-medium,comparative,data_large_aggregation,intent_only,1035.846,full_window_average,,0.008595,cgroup_v2_cpu_stat_full_window_delta,average,peak_cpu_m,1.0.0
comparative-39b6973-seed20260720-intent_only-policy_gpu_disallowed-r02-small,comparative,policy_gpu_disallowed,intent_only,1936.865,full_window_average,,0.000745,cgroup_v2_cpu_stat_full_window_delta,average,peak_cpu_m,1.0.0
comparative-39b6973-seed20260720-static_default-ml_sklearn_fit_medium-r03-medium,comparative,ml_sklearn_fit_medium,static_default,1649.868,legacy_interval_sample_or_full_window_maximum,0.01,0.444782,cgroup_v2_cpu_stat_max_of_interval_samples_and_full_window_average,legacy_hybrid_maximum,peak_cpu_m,1.0.0
comparative-39b6973-seed20260720-intent_only-data_dataframe_join_medium-r02-small,comparative,data_dataframe_join_medium,intent_only,448.287,full_window_average,,0.011549,cgroup_v2_cpu_stat_full_window_delta,average,peak_cpu_m,1.0.0
comparative-39b6973-seed20260720-static_default-boundary_below_0_5_ambiguous-r02-medium,comparative,boundary_below_0_5_ambiguous,static_default,1193.1,full_window_average,,0.003591,cgroup_v2_cpu_stat_full_window_delta,average,peak_cpu_m,1.0.0
comparative-39b6973-seed20260720-static_default-boundary_above_0_5_conflicting-r02-medium,comparative,boundary_above_0_5_conflicting,static_default,1411.751,legacy_interval_sample_or_full_window_maximum,0.01,0.081453,cgroup_v2_cpu_stat_max_of_interval_samples_and_full_window_average,legacy_hybrid_maximum,peak_cpu_m,1.0.0
comparative-39b6973-seed20260720-static_default-light_basic_python-r03-medium,comparative,light_basic_python,static_default,1073.019,full_window_average,,0.001638,cgroup_v2_cpu_stat_full_window_delta,average,peak_cpu_m,1.0.0
comparative-39b6973-seed20260720-context_aware-ml_sklearn_fit_memory_pressure-r03-large,comparative,ml_sklearn_fit_memory_pressure,context_aware,1674.903,legacy_interval_sample_or_full_window_maximum,0.01,3.705017,cgroup_v2_cpu_stat_max_of_interval_samples_and_full_window_average,legacy_hybrid_maximum,peak_cpu_m,1.0.0
comparative-39b6973-seed20260720-context_aware-ml_sklearn_fit_memory_pressure-r00-large,comparative,ml_sklearn_fit_memory_pressure,context_aware,1683.848,legacy_interval_sample_or_full_window_maximum,0.01,4.122478,cgroup_v2_cpu_stat_max_of_interval_samples_and_full_window_average,legacy_hybrid_maximum,peak_cpu_m,1.0.0
comparative-39b6973-seed20260720-static_default-data_pandas_read_transform-r03-medium,comparative,data_pandas_read_transform,static_default,1024.796,legacy_interval_sample_or_full_window_maximum,0.01,0.014512,cgroup_v2_cpu_stat_max_of_interval_samples_and_full_window_average,legacy_hybrid_maximum,peak_cpu_m,1.0.0
comparative-39b6973-seed20260720-context_aware-data_dataframe_join_medium-r00-medium,comparative,data_dataframe_join_medium,context_aware,989.728,full_window_average,,0.004603,cgroup_v2_cpu_stat_full_window_delta,average,peak_cpu_m,1.0.0
comparative-39b6973-seed20260720-intent_only-ml_sklearn_fit_medium-r03-large,comparative,ml_sklearn_fit_medium,intent_only,1938.976,legacy_interval_sample_or_full_window_maximum,0.01,0.306275,cgroup_v2_cpu_stat_max_of_interval_samples_and_full_window_average,legacy_hybrid_maximum,peak_cpu_m,1.0.0
comparative-39b6973-seed20260720-context_aware-light_basic_python-r03-small,comparative,light_basic_python,context_aware,1386.517,full_window_average,,0.001243,cgroup_v2_cpu_stat_full_window_delta,average,peak_cpu_m,1.0.0
comparative-39b6973-seed20260720-static_default-ml_sklearn_fit_memory_pressure-r00-medium,comparative,ml_sklearn_fit_memory_pressure,static_default,1996.71,legacy_interval_sample_or_full_window_maximum,0.01,4.210363,cgroup_v2_cpu_stat_max_of_interval_samples_and_full_window_average,legacy_hybrid_maximum,peak_cpu_m,1.0.0
comparative-39b6973-seed20260720-intent_only-light_visual_aggregation-r00-small,comparative,light_visual_aggregation,intent_only,1106.997,full_window_average,,0.003343,cgroup_v2_cpu_stat_full_window_delta,average,peak_cpu_m,1.0.0
comparative-39b6973-seed20260720-context_aware-light_basic_python-r00-small,comparative,light_basic_python,context_aware,1583.995,full_window_average,,0.00156,cgroup_v2_cpu_stat_full_window_delta,average,peak_cpu_m,1.0.0
comparative-39b6973-seed20260720-intent_only-boundary_above_0_5_conflicting-r03-medium,comparative,boundary_above_0_5_conflicting,intent_only,1009.687,legacy_interval_sample_or_full_window_maximum,0.01,0.072011,cgroup_v2_cpu_stat_max_of_interval_samples_and_full_window_average,legacy_hybrid_maximum,peak_cpu_m,1.0.0
comparative-39b6973-seed20260720-intent_only-data_dataframe_join_medium-r01-small,comparative,data_dataframe_join_medium,intent_only,1002.771,full_window_average,,0.004309,cgroup_v2_cpu_stat_full_window_delta,average,peak_cpu_m,1.0.0
comparative-39b6973-seed20260720-intent_only-light_basic_python-r04-small,comparative,light_basic_python,intent_only,1567.156,full_window_average,,0.001286,cgroup_v2_cpu_stat_full_window_delta,average,peak_cpu_m,1.0.0
comparative-39b6973-seed20260720-static_default-light_basic_python-r00-medium,comparative,light_basic_python,static_default,1033.203,full_window_average,,0.00149,cgroup_v2_cpu_stat_full_window_delta,average,peak_cpu_m,1.0.0
comparative-39b6973-seed20260720-intent_only-ml_sklearn_fit_medium-r00-large,comparative,ml_sklearn_fit_medium,intent_only,1247.005,legacy_interval_sample_or_full_window_maximum,0.01,0.202282,cgroup_v2_cpu_stat_max_of_interval_samples_and_full_window_average,legacy_hybrid_maximum,peak_cpu_m,1.0.0
comparative-39b6973-seed20260720-context_aware-data_dataframe_join_medium-r04-medium,comparative,data_dataframe_join_medium,context_aware,1054.974,full_window_average,,0.006731,cgroup_v2_cpu_stat_full_window_delta,average,peak_cpu_m,1.0.0
comparative-39b6973-seed20260720-static_default-policy_gpu_disallowed-r00-medium,comparative,policy_gpu_disallowed,static_default,2039.38,full_window_average,,0.000852,cgroup_v2_cpu_stat_full_window_delta,average,peak_cpu_m,1.0.0
comparative-39b6973-seed20260720-intent_only-policy_gpu_disallowed-r00-small,comparative,policy_gpu_disallowed,intent_only,2362.204,full_window_average,,0.00078,cgroup_v2_cpu_stat_full_window_delta,average,peak_cpu_m,1.0.0
comparative-39b6973-seed20260720-static_default-data_large_aggregation-r03-medium,comparative,data_large_aggregation,static_default,1115.816,full_window_average,,0.007694,cgroup_v2_cpu_stat_full_window_delta,average,peak_cpu_m,1.0.0
comparative-39b6973-seed20260720-context_aware-light_small_csv_read-r03-medium,comparative,light_small_csv_read,context_aware,882.933,full_window_average,,0.007146,cgroup_v2_cpu_stat_full_window_delta,average,peak_cpu_m,1.0.0
comparative-39b6973-seed20260720-context_aware-data_dataframe_join_medium-r03-medium,comparative,data_dataframe_join_medium,context_aware,1041.264,full_window_average,,0.00443,cgroup_v2_cpu_stat_full_window_delta,average,peak_cpu_m,1.0.0
comparative-39b6973-seed20260720-static_default-ml_sklearn_fit_memory_pressure-r02-medium,comparative,ml_sklearn_fit_memory_pressure,static_default,1753.482,legacy_interval_sample_or_full_window_maximum,0.01,4.016979,cgroup_v2_cpu_stat_max_of_interval_samples_and_full_window_average,legacy_hybrid_maximum,peak_cpu_m,1.0.0
comparative-39b6973-seed20260720-static_default-ml_sklearn_fit_medium-r00-medium,comparative,ml_sklearn_fit_medium,static_default,1499.857,legacy_interval_sample_or_full_window_maximum,0.01,0.364665,cgroup_v2_cpu_stat_max_of_interval_samples_and_full_window_average,legacy_hybrid_maximum,peak_cpu_m,1.0.0
comparative-39b6973-seed20260720-intent_only-light_visual_aggregation-r04-small,comparative,light_visual_aggregation,intent_only,1388.05,full_window_average,,0.002591,cgroup_v2_cpu_stat_full_window_delta,average,peak_cpu_m,1.0.0
comparative-39b6973-seed20260720-context_aware-policy_gpu_disallowed-r04-medium,comparative,policy_gpu_disallowed,context_aware,1365.823,full_window_average,,0.001092,cgroup_v2_cpu_stat_full_window_delta,average,peak_cpu_m,1.0.0
comparative-39b6973-seed20260720-intent_only-light_small_csv_read-r04-medium,comparative,light_small_csv_read,intent_only,1099.657,full_window_average,,0.006569,cgroup_v2_cpu_stat_full_window_delta,average,peak_cpu_m,1.0.0
comparative-39b6973-seed20260720-static_default-ml_sklearn_fit_small-r02-medium,comparative,ml_sklearn_fit_small,static_default,1123.737,full_window_average,,0.006676,cgroup_v2_cpu_stat_full_window_delta,average,peak_cpu_m,1.0.0
comparative-39b6973-seed20260720-context_aware-boundary_below_0_5_ambiguous-r01-small,comparative,boundary_below_0_5_ambiguous,context_aware,1175.801,full_window_average,,0.003628,cgroup_v2_cpu_stat_full_window_delta,average,peak_cpu_m,1.0.0
comparative-39b6973-seed20260720-intent_only-ml_sklearn_fit_memory_pressure-r01-medium,comparative,ml_sklearn_fit_memory_pressure,intent_only,1672.048,legacy_interval_sample_or_full_window_maximum,0.01,3.87188,cgroup_v2_cpu_stat_max_of_interval_samples_and_full_window_average,legacy_hybrid_maximum,peak_cpu_m,1.0.0
comparative-39b6973-seed20260720-intent_only-data_pandas_read_transform-r00-medium,comparative,data_pandas_read_transform,intent_only,1009.915,legacy_interval_sample_or_full_window_maximum,0.01,0.015951,cgroup_v2_cpu_stat_max_of_interval_samples_and_full_window_average,legacy_hybrid_maximum,peak_cpu_m,1.0.0
comparative-39b6973-seed20260720-static_default-policy_gpu_disallowed-r01-medium,comparative,policy_gpu_disallowed,static_default,1351.724,full_window_average,,0.001083,cgroup_v2_cpu_stat_full_window_delta,average,peak_cpu_m,1.0.0
comparative-39b6973-seed20260720-static_default-ml_sklearn_fit_small-r03-medium,comparative,ml_sklearn_fit_small,static_default,1015.95,full_window_average,,0.008825,cgroup_v2_cpu_stat_full_window_delta,average,peak_cpu_m,1.0.0
comparative-39b6973-seed20260720-intent_only-ml_sklearn_fit_medium-r02-large,comparative,ml_sklearn_fit_medium,intent_only,1331.872,legacy_interval_sample_or_full_window_maximum,0.01,0.370166,cgroup_v2_cpu_stat_max_of_interval_samples_and_full_window_average,legacy_hybrid_maximum,peak_cpu_m,1.0.0
comparative-39b6973-seed20260720-static_default-boundary_below_0_5_ambiguous-r04-medium,comparative,boundary_below_0_5_ambiguous,static_default,1040.812,full_window_average,,0.004332,cgroup_v2_cpu_stat_full_window_delta,average,peak_cpu_m,1.0.0
comparative-39b6973-seed20260720-intent_only-data_pandas_read_transform-r02-medium,comparative,data_pandas_read_transform,intent_only,1004.475,legacy_interval_sample_or_full_window_maximum,0.01,0.016118,cgroup_v2_cpu_stat_max_of_interval_samples_and_full_window_average,legacy_hybrid_maximum,peak_cpu_m,1.0.0
comparative-39b6973-seed20260720-intent_only-boundary_below_0_5_ambiguous-r00-small,comparative,boundary_below_0_5_ambiguous,intent_only,1109.238,full_window_average,,0.003248,cgroup_v2_cpu_stat_full_window_delta,average,peak_cpu_m,1.0.0
comparative-39b6973-seed20260720-context_aware-light_basic_python-r01-small,comparative,light_basic_python,context_aware,1141.073,full_window_average,,0.001115,cgroup_v2_cpu_stat_full_window_delta,average,peak_cpu_m,1.0.0
comparative-39b6973-seed20260720-context_aware-light_small_csv_read-r02-medium,comparative,light_small_csv_read,context_aware,1125.349,full_window_average,,0.005571,cgroup_v2_cpu_stat_full_window_delta,average,peak_cpu_m,1.0.0
comparative-39b6973-seed20260720-intent_only-boundary_below_0_5_ambiguous-r04-small,comparative,boundary_below_0_5_ambiguous,intent_only,1309.366,full_window_average,,0.003291,cgroup_v2_cpu_stat_full_window_delta,average,peak_cpu_m,1.0.0
comparative-39b6973-seed20260720-intent_only-ml_sklearn_fit_small-r02-medium,comparative,ml_sklearn_fit_small,intent_only,1147.182,full_window_average,,0.006169,cgroup_v2_cpu_stat_full_window_delta,average,peak_cpu_m,1.0.0
comparative-39b6973-seed20260720-context_aware-ml_sklearn_fit_medium-r00-large,comparative,ml_sklearn_fit_medium,context_aware,1220.568,legacy_interval_sample_or_full_window_maximum,0.01,0.222435,cgroup_v2_cpu_stat_max_of_interval_samples_and_full_window_average,legacy_hybrid_maximum,peak_cpu_m,1.0.0
comparative-39b6973-seed20260720-context_aware-ml_sklearn_fit_small-r04-medium,comparative,ml_sklearn_fit_small,context_aware,1047.539,full_window_average,,0.007553,cgroup_v2_cpu_stat_full_window_delta,average,peak_cpu_m,1.0.0
comparative-39b6973-seed20260720-static_default-data_pandas_read_transform-r04-medium,comparative,data_pandas_read_transform,static_default,1023.346,full_window_average,,0.017078,cgroup_v2_cpu_stat_full_window_delta,average,peak_cpu_m,1.0.0
comparative-39b6973-seed20260720-static_default-light_visual_aggregation-r01-medium,comparative,light_visual_aggregation,static_default,1040.148,full_window_average,,0.007719,cgroup_v2_cpu_stat_full_window_delta,average,peak_cpu_m,1.0.0
comparative-39b6973-seed20260720-intent_only-boundary_above_0_5_conflicting-r02-medium,comparative,boundary_above_0_5_conflicting,intent_only,1007.237,legacy_interval_sample_or_full_window_maximum,0.01,0.076151,cgroup_v2_cpu_stat_max_of_interval_samples_and_full_window_average,legacy_hybrid_maximum,peak_cpu_m,1.0.0
comparative-39b6973-seed20260720-static_default-ml_sklearn_fit_memory_pressure-r04-medium,comparative,ml_sklearn_fit_memory_pressure,static_default,1753.491,legacy_interval_sample_or_full_window_maximum,0.01,3.596289,cgroup_v2_cpu_stat_max_of_interval_samples_and_full_window_average,legacy_hybrid_maximum,peak_cpu_m,1.0.0
comparative-39b6973-seed20260720-static_default-light_visual_aggregation-r04-medium,comparative,light_visual_aggregation,static_default,1281.371,full_window_average,,0.002626,cgroup_v2_cpu_stat_full_window_delta,average,peak_cpu_m,1.0.0
comparative-39b6973-seed20260720-context_aware-light_small_csv_read-r01-medium,comparative,light_small_csv_read,context_aware,1124.46,full_window_average,,0.005998,cgroup_v2_cpu_stat_full_window_delta,average,peak_cpu_m,1.0.0
comparative-39b6973-seed20260720-intent_only-data_dataframe_join_medium-r03-small,comparative,data_dataframe_join_medium,intent_only,95.712,legacy_interval_sample_or_full_window_maximum,0.01,0.057952,cgroup_v2_cpu_stat_max_of_interval_samples_and_full_window_average,legacy_hybrid_maximum,peak_cpu_m,1.0.0
comparative-39b6973-seed20260720-intent_only-light_small_csv_read-r00-medium,comparative,light_small_csv_read,intent_only,1138.725,full_window_average,,0.005896,cgroup_v2_cpu_stat_full_window_delta,average,peak_cpu_m,1.0.0
comparative-39b6973-seed20260720-static_default-boundary_below_0_5_ambiguous-r03-medium,comparative,boundary_below_0_5_ambiguous,static_default,1139.33,full_window_average,,0.003736,cgroup_v2_cpu_stat_full_window_delta,average,peak_cpu_m,1.0.0
comparative-39b6973-seed20260720-intent_only-light_small_csv_read-r03-medium,comparative,light_small_csv_read,intent_only,1015.87,full_window_average,,0.006,cgroup_v2_cpu_stat_full_window_delta,average,peak_cpu_m,1.0.0
comparative-39b6973-seed20260720-context_aware-ml_sklearn_fit_memory_pressure-r04-large,comparative,ml_sklearn_fit_memory_pressure,context_aware,1707.093,legacy_interval_sample_or_full_window_maximum,0.01,3.245413,cgroup_v2_cpu_stat_max_of_interval_samples_and_full_window_average,legacy_hybrid_maximum,peak_cpu_m,1.0.0
comparative-39b6973-seed20260720-context_aware-ml_sklearn_fit_medium-r03-large,comparative,ml_sklearn_fit_medium,context_aware,1173.959,legacy_interval_sample_or_full_window_maximum,0.01,0.19311,cgroup_v2_cpu_stat_max_of_interval_samples_and_full_window_average,legacy_hybrid_maximum,peak_cpu_m,1.0.0
comparative-39b6973-seed20260720-context_aware-boundary_above_0_5_conflicting-r04-large,comparative,boundary_above_0_5_conflicting,context_aware,1695.907,legacy_interval_sample_or_full_window_maximum,0.01,0.056433,cgroup_v2_cpu_stat_max_of_interval_samples_and_full_window_average,legacy_hybrid_maximum,peak_cpu_m,1.0.0
comparative-39b6973-seed20260720-context_aware-light_small_csv_read-r04-medium,comparative,light_small_csv_read,context_aware,1049.612,full_window_average,,0.005773,cgroup_v2_cpu_stat_full_window_delta,average,peak_cpu_m,1.0.0
comparative-39b6973-seed20260720-static_default-boundary_below_0_5_ambiguous-r01-medium,comparative,boundary_below_0_5_ambiguous,static_default,1100.037,full_window_average,,0.003156,cgroup_v2_cpu_stat_full_window_delta,average,peak_cpu_m,1.0.0
comparative-39b6973-seed20260720-context_aware-data_large_aggregation-r02-large,comparative,data_large_aggregation,context_aware,1045.238,full_window_average,,0.007121,cgroup_v2_cpu_stat_full_window_delta,average,peak_cpu_m,1.0.0
comparative-39b6973-seed20260720-context_aware-ml_sklearn_fit_memory_pressure-r02-large,comparative,ml_sklearn_fit_memory_pressure,context_aware,2061.368,legacy_interval_sample_or_full_window_maximum,0.01,3.286098,cgroup_v2_cpu_stat_max_of_interval_samples_and_full_window_average,legacy_hybrid_maximum,peak_cpu_m,1.0.0
comparative-39b6973-seed20260720-static_default-data_pandas_read_transform-r02-medium,comparative,data_pandas_read_transform,static_default,1031.692,full_window_average,,0.014807,cgroup_v2_cpu_stat_full_window_delta,average,peak_cpu_m,1.0.0
comparative-39b6973-seed20260720-intent_only-data_large_aggregation-r02-medium,comparative,data_large_aggregation,intent_only,1068.655,full_window_average,,0.00695,cgroup_v2_cpu_stat_full_window_delta,average,peak_cpu_m,1.0.0
comparative-39b6973-seed20260720-context_aware-boundary_above_0_5_conflicting-r02-large,comparative,boundary_above_0_5_conflicting,context_aware,1567.996,legacy_interval_sample_or_full_window_maximum,0.01,0.062202,cgroup_v2_cpu_stat_max_of_interval_samples_and_full_window_average,legacy_hybrid_maximum,peak_cpu_m,1.0.0
comparative-39b6973-seed20260720-context_aware-data_pandas_read_transform-r04-medium,comparative,data_pandas_read_transform,context_aware,1015.585,legacy_interval_sample_or_full_window_maximum,0.01,0.016116,cgroup_v2_cpu_stat_max_of_interval_samples_and_full_window_average,legacy_hybrid_maximum,peak_cpu_m,1.0.0
comparative-39b6973-seed20260720-static_default-data_dataframe_join_medium-r00-medium,comparative,data_dataframe_join_medium,static_default,1077.539,full_window_average,,0.004763,cgroup_v2_cpu_stat_full_window_delta,average,peak_cpu_m,1.0.0
comparative-39b6973-seed20260720-intent_only-ml_sklearn_fit_memory_pressure-r03-medium,comparative,ml_sklearn_fit_memory_pressure,intent_only,2444.12,legacy_interval_sample_or_full_window_maximum,0.01,5.168276,cgroup_v2_cpu_stat_max_of_interval_samples_and_full_window_average,legacy_hybrid_maximum,peak_cpu_m,1.0.0
comparative-39b6973-seed20260720-static_default-light_visual_aggregation-r03-medium,comparative,light_visual_aggregation,static_default,1007.084,full_window_average,,0.003537,cgroup_v2_cpu_stat_full_window_delta,average,peak_cpu_m,1.0.0
comparative-39b6973-seed20260720-static_default-ml_sklearn_fit_medium-r01-medium,comparative,ml_sklearn_fit_medium,static_default,1210.703,legacy_interval_sample_or_full_window_maximum,0.01,0.200108,cgroup_v2_cpu_stat_max_of_interval_samples_and_full_window_average,legacy_hybrid_maximum,peak_cpu_m,1.0.0
comparative-39b6973-seed20260720-static_default-policy_gpu_disallowed-r03-medium,comparative,policy_gpu_disallowed,static_default,2165.771,full_window_average,,0.000585,cgroup_v2_cpu_stat_full_window_delta,average,peak_cpu_m,1.0.0
comparative-39b6973-seed20260720-intent_only-boundary_below_0_5_ambiguous-r03-small,comparative,boundary_below_0_5_ambiguous,intent_only,1093.811,full_window_average,,0.003047,cgroup_v2_cpu_stat_full_window_delta,average,peak_cpu_m,1.0.0
comparative-39b6973-seed20260720-context_aware-boundary_above_0_5_conflicting-r00-large,comparative,boundary_above_0_5_conflicting,context_aware,1431.159,legacy_interval_sample_or_full_window_maximum,0.01,0.05996,cgroup_v2_cpu_stat_max_of_interval_samples_and_full_window_average,legacy_hybrid_maximum,peak_cpu_m,1.0.0
comparative-39b6973-seed20260720-intent_only-light_basic_python-r02-small,comparative,light_basic_python,intent_only,1490.322,full_window_average,,0.001734,cgroup_v2_cpu_stat_full_window_delta,average,peak_cpu_m,1.0.0
comparative-39b6973-seed20260720-intent_only-boundary_below_0_5_ambiguous-r01-small,comparative,boundary_below_0_5_ambiguous,intent_only,1135.933,full_window_average,,0.003218,cgroup_v2_cpu_stat_full_window_delta,average,peak_cpu_m,1.0.0
comparative-39b6973-seed20260720-context_aware-light_basic_python-r04-small,comparative,light_basic_python,context_aware,1686.686,full_window_average,,0.001352,cgroup_v2_cpu_stat_full_window_delta,average,peak_cpu_m,1.0.0
comparative-39b6973-seed20260720-static_default-policy_gpu_disallowed-r04-medium,comparative,policy_gpu_disallowed,static_default,2001.57,full_window_average,,0.000758,cgroup_v2_cpu_stat_full_window_delta,average,peak_cpu_m,1.0.0
comparative-39b6973-seed20260720-static_default-data_pandas_read_transform-r01-medium,comparative,data_pandas_read_transform,static_default,1032.905,legacy_interval_sample_or_full_window_maximum,0.01,0.017299,cgroup_v2_cpu_stat_max_of_interval_samples_and_full_window_average,legacy_hybrid_maximum,peak_cpu_m,1.0.0
comparative-39b6973-seed20260720-intent_only-light_small_csv_read-r02-medium,comparative,light_small_csv_read,intent_only,1147.044,full_window_average,,0.007624,cgroup_v2_cpu_stat_full_window_delta,average,peak_cpu_m,1.0.0
comparative-39b6973-seed20260720-context_aware-light_visual_aggregation-r01-small,comparative,light_visual_aggregation,context_aware,1437.271,full_window_average,,0.00221,cgroup_v2_cpu_stat_full_window_delta,average,peak_cpu_m,1.0.0
comparative-39b6973-seed20260720-static_default-boundary_below_0_5_ambiguous-r00-medium,comparative,boundary_below_0_5_ambiguous,static_default,1144.587,full_window_average,,0.003522,cgroup_v2_cpu_stat_full_window_delta,average,peak_cpu_m,1.0.0
comparative-39b6973-seed20260720-context_aware-light_visual_aggregation-r03-small,comparative,light_visual_aggregation,context_aware,1266.198,full_window_average,,0.002307,cgroup_v2_cpu_stat_full_window_delta,average,peak_cpu_m,1.0.0
comparative-39b6973-seed20260720-context_aware-ml_sklearn_fit_medium-r02-large,comparative,ml_sklearn_fit_medium,context_aware,1201.513,legacy_interval_sample_or_full_window_maximum,0.01,0.200317,cgroup_v2_cpu_stat_max_of_interval_samples_and_full_window_average,legacy_hybrid_maximum,peak_cpu_m,1.0.0
comparative-39b6973-seed20260720-context_aware-data_large_aggregation-r03-large,comparative,data_large_aggregation,context_aware,991.293,full_window_average,,0.008208,cgroup_v2_cpu_stat_full_window_delta,average,peak_cpu_m,1.0.0
comparative-39b6973-seed20260720-intent_only-data_dataframe_join_medium-r00-small,comparative,data_dataframe_join_medium,intent_only,1182.782,full_window_average,,0.004361,cgroup_v2_cpu_stat_full_window_delta,average,peak_cpu_m,1.0.0
comparative-39b6973-seed20260720-static_default-boundary_above_0_5_conflicting-r00-medium,comparative,boundary_above_0_5_conflicting,static_default,1252.922,legacy_interval_sample_or_full_window_maximum,0.01,0.06195,cgroup_v2_cpu_stat_max_of_interval_samples_and_full_window_average,legacy_hybrid_maximum,peak_cpu_m,1.0.0
comparative-39b6973-seed20260720-intent_only-data_dataframe_join_medium-r04-small,comparative,data_dataframe_join_medium,intent_only,1087.626,full_window_average,,0.004111,cgroup_v2_cpu_stat_full_window_delta,average,peak_cpu_m,1.0.0
comparative-39b6973-seed20260720-static_default-light_basic_python-r01-medium,comparative,light_basic_python,static_default,1198.043,full_window_average,,0.001635,cgroup_v2_cpu_stat_full_window_delta,average,peak_cpu_m,1.0.0
comparative-39b6973-seed20260720-intent_only-ml_sklearn_fit_medium-r01-large,comparative,ml_sklearn_fit_medium,intent_only,1833.983,legacy_interval_sample_or_full_window_maximum,0.01,0.197179,cgroup_v2_cpu_stat_max_of_interval_samples_and_full_window_average,legacy_hybrid_maximum,peak_cpu_m,1.0.0
comparative-39b6973-seed20260720-intent_only-policy_gpu_disallowed-r01-small,comparative,policy_gpu_disallowed,intent_only,1564.602,full_window_average,,0.000999,cgroup_v2_cpu_stat_full_window_delta,average,peak_cpu_m,1.0.0
comparative-39b6973-seed20260720-static_default-light_small_csv_read-r00-medium,comparative,light_small_csv_read,static_default,1061.099,full_window_average,,0.005726,cgroup_v2_cpu_stat_full_window_delta,average,peak_cpu_m,1.0.0
comparative-39b6973-seed20260720-context_aware-data_large_aggregation-r04-large,comparative,data_large_aggregation,context_aware,1113.193,full_window_average,,0.008204,cgroup_v2_cpu_stat_full_window_delta,average,peak_cpu_m,1.0.0
comparative-39b6973-seed20260720-context_aware-light_basic_python-r02-small,comparative,light_basic_python,context_aware,1476.527,full_window_average,,0.001328,cgroup_v2_cpu_stat_full_window_delta,average,peak_cpu_m,1.0.0
comparative-39b6973-seed20260720-static_default-data_pandas_read_transform-r00-medium,comparative,data_pandas_read_transform,static_default,1034.6,full_window_average,,0.016191,cgroup_v2_cpu_stat_full_window_delta,average,peak_cpu_m,1.0.0
comparative-39b6973-seed20260720-intent_only-data_pandas_read_transform-r01-medium,comparative,data_pandas_read_transform,intent_only,1003.202,legacy_interval_sample_or_full_window_maximum,0.01,0.01566,cgroup_v2_cpu_stat_max_of_interval_samples_and_full_window_average,legacy_hybrid_maximum,peak_cpu_m,1.0.0
comparative-39b6973-seed20260720-context_aware-ml_sklearn_fit_medium-r04-large,comparative,ml_sklearn_fit_medium,context_aware,1307.95,legacy_interval_sample_or_full_window_maximum,0.01,0.182036,cgroup_v2_cpu_stat_max_of_interval_samples_and_full_window_average,legacy_hybrid_maximum,peak_cpu_m,1.0.0
comparative-39b6973-seed20260720-intent_only-data_large_aggregation-r01-medium,comparative,data_large_aggregation,intent_only,968.804,full_window_average,,0.007887,cgroup_v2_cpu_stat_full_window_delta,average,peak_cpu_m,1.0.0
comparative-39b6973-seed20260720-static_default-ml_sklearn_fit_medium-r02-medium,comparative,ml_sklearn_fit_medium,static_default,1280.829,legacy_interval_sample_or_full_window_maximum,0.01,0.189383,cgroup_v2_cpu_stat_max_of_interval_samples_and_full_window_average,legacy_hybrid_maximum,peak_cpu_m,1.0.0
comparative-39b6973-seed20260720-context_aware-light_small_csv_read-r00-medium,comparative,light_small_csv_read,context_aware,1050.134,full_window_average,,0.005421,cgroup_v2_cpu_stat_full_window_delta,average,peak_cpu_m,1.0.0
comparative-39b6973-seed20260720-static_default-boundary_above_0_5_conflicting-r04-medium,comparative,boundary_above_0_5_conflicting,static_default,1018.356,legacy_interval_sample_or_full_window_maximum,0.01,0.063372,cgroup_v2_cpu_stat_max_of_interval_samples_and_full_window_average,legacy_hybrid_maximum,peak_cpu_m,1.0.0
comparative-39b6973-seed20260720-context_aware-boundary_above_0_5_conflicting-r03-large,comparative,boundary_above_0_5_conflicting,context_aware,1010.112,legacy_interval_sample_or_full_window_maximum,0.01,0.056929,cgroup_v2_cpu_stat_max_of_interval_samples_and_full_window_average,legacy_hybrid_maximum,peak_cpu_m,1.0.0
comparative-39b6973-seed20260720-intent_only-ml_sklearn_fit_small-r04-medium,comparative,ml_sklearn_fit_small,intent_only,1018.744,full_window_average,,0.00698,cgroup_v2_cpu_stat_full_window_delta,average,peak_cpu_m,1.0.0
comparative-39b6973-seed20260720-static_default-ml_sklearn_fit_medium-r04-medium,comparative,ml_sklearn_fit_medium,static_default,1469.26,legacy_interval_sample_or_full_window_maximum,0.01,0.178819,cgroup_v2_cpu_stat_max_of_interval_samples_and_full_window_average,legacy_hybrid_maximum,peak_cpu_m,1.0.0
comparative-39b6973-seed20260720-static_default-data_large_aggregation-r04-medium,comparative,data_large_aggregation,static_default,812.986,full_window_average,,0.008667,cgroup_v2_cpu_stat_full_window_delta,average,peak_cpu_m,1.0.0
comparative-39b6973-seed20260720-intent_only-data_pandas_read_transform-r04-medium,comparative,data_pandas_read_transform,intent_only,1033.382,full_window_average,,0.014997,cgroup_v2_cpu_stat_full_window_delta,average,peak_cpu_m,1.0.0
comparative-39b6973-seed20260720-intent_only-boundary_above_0_5_conflicting-r01-medium,comparative,boundary_above_0_5_conflicting,intent_only,1013.277,legacy_interval_sample_or_full_window_maximum,0.01,0.060879,cgroup_v2_cpu_stat_max_of_interval_samples_and_full_window_average,legacy_hybrid_maximum,peak_cpu_m,1.0.0
comparative-39b6973-seed20260720-intent_only-ml_sklearn_fit_small-r00-medium,comparative,ml_sklearn_fit_small,intent_only,995.986,full_window_average,,0.010558,cgroup_v2_cpu_stat_full_window_delta,average,peak_cpu_m,1.0.0
comparative-39b6973-seed20260720-context_aware-data_large_aggregation-r00-large,comparative,data_large_aggregation,context_aware,1141.338,full_window_average,,0.007036,cgroup_v2_cpu_stat_full_window_delta,average,peak_cpu_m,1.0.0
comparative-39b6973-seed20260720-context_aware-data_pandas_read_transform-r01-medium,comparative,data_pandas_read_transform,context_aware,994.215,full_window_average,,0.016515,cgroup_v2_cpu_stat_full_window_delta,average,peak_cpu_m,1.0.0
comparative-39b6973-seed20260720-static_default-data_dataframe_join_medium-r01-medium,comparative,data_dataframe_join_medium,static_default,1143.03,full_window_average,,0.004192,cgroup_v2_cpu_stat_full_window_delta,average,peak_cpu_m,1.0.0
comparative-39b6973-seed20260720-context_aware-ml_sklearn_fit_small-r00-medium,comparative,ml_sklearn_fit_small,context_aware,1125.691,full_window_average,,0.007547,cgroup_v2_cpu_stat_full_window_delta,average,peak_cpu_m,1.0.0
comparative-39b6973-seed20260720-intent_only-ml_sklearn_fit_medium-r04-large,comparative,ml_sklearn_fit_medium,intent_only,1218.084,legacy_interval_sample_or_full_window_maximum,0.01,0.196884,cgroup_v2_cpu_stat_max_of_interval_samples_and_full_window_average,legacy_hybrid_maximum,peak_cpu_m,1.0.0
comparative-39b6973-seed20260720-static_default-light_basic_python-r02-medium,comparative,light_basic_python,static_default,1673.7,full_window_average,,0.001487,cgroup_v2_cpu_stat_full_window_delta,average,peak_cpu_m,1.0.0
comparative-39b6973-seed20260720-context_aware-boundary_below_0_5_ambiguous-r03-small,comparative,boundary_below_0_5_ambiguous,context_aware,1160.29,full_window_average,,0.003011,cgroup_v2_cpu_stat_full_window_delta,average,peak_cpu_m,1.0.0
comparative-39b6973-seed20260720-static_default-light_small_csv_read-r04-medium,comparative,light_small_csv_read,static_default,1094.49,full_window_average,,0.006174,cgroup_v2_cpu_stat_full_window_delta,average,peak_cpu_m,1.0.0
comparative-39b6973-seed20260720-context_aware-policy_gpu_disallowed-r00-medium,comparative,policy_gpu_disallowed,context_aware,2358.102,full_window_average,,0.000814,cgroup_v2_cpu_stat_full_window_delta,average,peak_cpu_m,1.0.0
comparative-39b6973-seed20260720-intent_only-light_visual_aggregation-r03-small,comparative,light_visual_aggregation,intent_only,1470.946,full_window_average,,0.002053,cgroup_v2_cpu_stat_full_window_delta,average,peak_cpu_m,1.0.0
comparative-39b6973-seed20260720-intent_only-light_visual_aggregation-r02-small,comparative,light_visual_aggregation,intent_only,1168.881,full_window_average,,0.00224,cgroup_v2_cpu_stat_full_window_delta,average,peak_cpu_m,1.0.0
comparative-39b6973-seed20260720-static_default-policy_gpu_disallowed-r02-medium,comparative,policy_gpu_disallowed,static_default,2193.674,full_window_average,,0.000854,cgroup_v2_cpu_stat_full_window_delta,average,peak_cpu_m,1.0.0
comparative-39b6973-seed20260720-intent_only-ml_sklearn_fit_small-r01-medium,comparative,ml_sklearn_fit_small,intent_only,1120.596,full_window_average,,0.007422,cgroup_v2_cpu_stat_full_window_delta,average,peak_cpu_m,1.0.0
comparative-39b6973-seed20260720-static_default-boundary_above_0_5_conflicting-r01-medium,comparative,boundary_above_0_5_conflicting,static_default,1237.319,legacy_interval_sample_or_full_window_maximum,0.01,0.060894,cgroup_v2_cpu_stat_max_of_interval_samples_and_full_window_average,legacy_hybrid_maximum,peak_cpu_m,1.0.0
comparative-39b6973-seed20260720-context_aware-data_dataframe_join_medium-r02-medium,comparative,data_dataframe_join_medium,context_aware,592.24,full_window_average,,0.009084,cgroup_v2_cpu_stat_full_window_delta,average,peak_cpu_m,1.0.0
comparative-39b6973-seed20260720-static_default-ml_sklearn_fit_small-r01-medium,comparative,ml_sklearn_fit_small,static_default,1043.698,full_window_average,,0.008199,cgroup_v2_cpu_stat_full_window_delta,average,peak_cpu_m,1.0.0
comparative-39b6973-seed20260720-context_aware-boundary_above_0_5_conflicting-r01-large,comparative,boundary_above_0_5_conflicting,context_aware,1124.317,legacy_interval_sample_or_full_window_maximum,0.01,0.063748,cgroup_v2_cpu_stat_max_of_interval_samples_and_full_window_average,legacy_hybrid_maximum,peak_cpu_m,1.0.0
comparative-39b6973-seed20260720-intent_only-ml_sklearn_fit_memory_pressure-r02-medium,comparative,ml_sklearn_fit_memory_pressure,intent_only,2030.269,legacy_interval_sample_or_full_window_maximum,0.01,3.422407,cgroup_v2_cpu_stat_max_of_interval_samples_and_full_window_average,legacy_hybrid_maximum,peak_cpu_m,1.0.0
comparative-39b6973-seed20260720-context_aware-data_pandas_read_transform-r03-medium,comparative,data_pandas_read_transform,context_aware,1011.64,legacy_interval_sample_or_full_window_maximum,0.01,0.017627,cgroup_v2_cpu_stat_max_of_interval_samples_and_full_window_average,legacy_hybrid_maximum,peak_cpu_m,1.0.0
comparative-39b6973-seed20260720-context_aware-ml_sklearn_fit_memory_pressure-r01-large,comparative,ml_sklearn_fit_memory_pressure,context_aware,1512.431,legacy_interval_sample_or_full_window_maximum,0.01,3.363326,cgroup_v2_cpu_stat_max_of_interval_samples_and_full_window_average,legacy_hybrid_maximum,peak_cpu_m,1.0.0
comparative-39b6973-seed20260720-context_aware-ml_sklearn_fit_medium-r01-large,comparative,ml_sklearn_fit_medium,context_aware,1162.838,legacy_interval_sample_or_full_window_maximum,0.01,0.196097,cgroup_v2_cpu_stat_max_of_interval_samples_and_full_window_average,legacy_hybrid_maximum,peak_cpu_m,1.0.0
comparative-39b6973-seed20260720-static_default-light_visual_aggregation-r00-medium,comparative,light_visual_aggregation,static_default,1267.906,full_window_average,,0.002311,cgroup_v2_cpu_stat_full_window_delta,average,peak_cpu_m,1.0.0
comparative-39b6973-seed20260720-intent_only-ml_sklearn_fit_memory_pressure-r04-medium,comparative,ml_sklearn_fit_memory_pressure,intent_only,1751.983,legacy_interval_sample_or_full_window_maximum,0.01,4.265151,cgroup_v2_cpu_stat_max_of_interval_samples_and_full_window_average,legacy_hybrid_maximum,peak_cpu_m,1.0.0
comparative-39b6973-seed20260720-static_default-light_basic_python-r04-medium,comparative,light_basic_python,static_default,1123.453,full_window_average,,0.001366,cgroup_v2_cpu_stat_full_window_delta,average,peak_cpu_m,1.0.0
comparative-39b6973-seed20260720-intent_only-light_basic_python-r01-small,comparative,light_basic_python,intent_only,1115.53,full_window_average,,0.001986,cgroup_v2_cpu_stat_full_window_delta,average,peak_cpu_m,1.0.0
comparative-39b6973-seed20260720-intent_only-policy_gpu_disallowed-r04-small,comparative,policy_gpu_disallowed,intent_only,2032.009,full_window_average,,0.000743,cgroup_v2_cpu_stat_full_window_delta,average,peak_cpu_m,1.0.0
comparative-39b6973-seed20260720-context_aware-ml_sklearn_fit_small-r02-medium,comparative,ml_sklearn_fit_small,context_aware,1026.807,full_window_average,,0.006254,cgroup_v2_cpu_stat_full_window_delta,average,peak_cpu_m,1.0.0
comparative-39b6973-seed20260720-static_default-data_dataframe_join_medium-r03-medium,comparative,data_dataframe_join_medium,static_default,1185.128,full_window_average,,0.00477,cgroup_v2_cpu_stat_full_window_delta,average,peak_cpu_m,1.0.0
comparative-39b6973-seed20260720-intent_only-light_visual_aggregation-r01-small,comparative,light_visual_aggregation,intent_only,1061.534,full_window_average,,0.002249,cgroup_v2_cpu_stat_full_window_delta,average,peak_cpu_m,1.0.0
comparative-39b6973-seed20260720-context_aware-data_dataframe_join_medium-r01-medium,comparative,data_dataframe_join_medium,context_aware,1131.386,full_window_average,,0.004698,cgroup_v2_cpu_stat_full_window_delta,average,peak_cpu_m,1.0.0
comparative-39b6973-seed20260720-intent_only-boundary_below_0_5_ambiguous-r02-small,comparative,boundary_below_0_5_ambiguous,intent_only,1299.333,full_window_average,,0.003106,cgroup_v2_cpu_stat_full_window_delta,average,peak_cpu_m,1.0.0
comparative-39b6973-seed20260720-context_aware-ml_sklearn_fit_small-r01-medium,comparative,ml_sklearn_fit_small,context_aware,985.306,full_window_average,,0.007136,cgroup_v2_cpu_stat_full_window_delta,average,peak_cpu_m,1.0.0
comparative-39b6973-seed20260720-intent_only-light_basic_python-r00-small,comparative,light_basic_python,intent_only,1812.7,full_window_average,,0.001193,cgroup_v2_cpu_stat_full_window_delta,average,peak_cpu_m,1.0.0
comparative-39b6973-seed20260720-intent_only-policy_gpu_disallowed-r03-small,comparative,policy_gpu_disallowed,intent_only,982.38,full_window_average,,0.00065,cgroup_v2_cpu_stat_full_window_delta,average,peak_cpu_m,1.0.0
comparative-39b6973-seed20260720-intent_only-data_large_aggregation-r03-medium,comparative,data_large_aggregation,intent_only,1071.091,full_window_average,,0.007877,cgroup_v2_cpu_stat_full_window_delta,average,peak_cpu_m,1.0.0
comparative-39b6973-seed20260720-static_default-light_small_csv_read-r01-medium,comparative,light_small_csv_read,static_default,1163.875,full_window_average,,0.006617,cgroup_v2_cpu_stat_full_window_delta,average,peak_cpu_m,1.0.0
comparative-39b6973-seed20260720-context_aware-light_visual_aggregation-r02-small,comparative,light_visual_aggregation,context_aware,1158.557,full_window_average,,0.002536,cgroup_v2_cpu_stat_full_window_delta,average,peak_cpu_m,1.0.0
comparative-39b6973-seed20260720-static_default-light_small_csv_read-r03-medium,comparative,light_small_csv_read,static_default,1102.145,full_window_average,,0.006337,cgroup_v2_cpu_stat_full_window_delta,average,peak_cpu_m,1.0.0
comparative-39b6973-seed20260720-context_aware-data_pandas_read_transform-r02-medium,comparative,data_pandas_read_transform,context_aware,1045.227,legacy_interval_sample_or_full_window_maximum,0.01,0.017191,cgroup_v2_cpu_stat_max_of_interval_samples_and_full_window_average,legacy_hybrid_maximum,peak_cpu_m,1.0.0
comparative-39b6973-seed20260720-intent_only-ml_sklearn_fit_memory_pressure-r00-medium,comparative,ml_sklearn_fit_memory_pressure,intent_only,2034.055,legacy_interval_sample_or_full_window_maximum,0.01,3.415558,cgroup_v2_cpu_stat_max_of_interval_samples_and_full_window_average,legacy_hybrid_maximum,peak_cpu_m,1.0.0
comparative-39b6973-seed20260720-static_default-light_small_csv_read-r02-medium,comparative,light_small_csv_read,static_default,1035.189,full_window_average,,0.006297,cgroup_v2_cpu_stat_full_window_delta,average,peak_cpu_m,1.0.0
comparative-39b6973-seed20260720-static_default-data_large_aggregation-r02-medium,comparative,data_large_aggregation,static_default,1165.355,full_window_average,,0.008913,cgroup_v2_cpu_stat_full_window_delta,average,peak_cpu_m,1.0.0
comparative-39b6973-seed20260720-intent_only-boundary_above_0_5_conflicting-r00-medium,comparative,boundary_above_0_5_conflicting,intent_only,1343.485,legacy_interval_sample_or_full_window_maximum,0.01,0.06297,cgroup_v2_cpu_stat_max_of_interval_samples_and_full_window_average,legacy_hybrid_maximum,peak_cpu_m,1.0.0
comparative-39b6973-seed20260720-context_aware-ml_sklearn_fit_small-r03-medium,comparative,ml_sklearn_fit_small,context_aware,1052.835,full_window_average,,0.007089,cgroup_v2_cpu_stat_full_window_delta,average,peak_cpu_m,1.0.0
comparative-39b6973-seed20260720-static_default-data_large_aggregation-r00-medium,comparative,data_large_aggregation,static_default,969.524,full_window_average,,0.008774,cgroup_v2_cpu_stat_full_window_delta,average,peak_cpu_m,1.0.0
comparative-39b6973-seed20260720-static_default-data_large_aggregation-r01-medium,comparative,data_large_aggregation,static_default,1025.728,full_window_average,,0.007441,cgroup_v2_cpu_stat_full_window_delta,average,peak_cpu_m,1.0.0
comparative-39b6973-seed20260720-intent_only-data_large_aggregation-r04-medium,comparative,data_large_aggregation,intent_only,906.074,full_window_average,,0.009396,cgroup_v2_cpu_stat_full_window_delta,average,peak_cpu_m,1.0.0
comparative-39b6973-seed20260720-static_default-ml_sklearn_fit_small-r00-medium,comparative,ml_sklearn_fit_small,static_default,998.328,full_window_average,,0.007409,cgroup_v2_cpu_stat_full_window_delta,average,peak_cpu_m,1.0.0
comparative-39b6973-seed20260720-static_default-light_visual_aggregation-r02-medium,comparative,light_visual_aggregation,static_default,1329.471,full_window_average,,0.002417,cgroup_v2_cpu_stat_full_window_delta,average,peak_cpu_m,1.0.0
