claim,research_question,result,status,metric_traceability,reason_codes
H1,RQ1,{},NOT_EXECUTED,N/A,CLAIMS_NOT_PERMITTED; NON_CONFIRMATORY_EVIDENCE; NO_ELIGIBLE_CONFIRMATORY_EVIDENCE; REQUIRED_METRIC_OR_TEST_UNAVAILABLE
H2,RQ2,{},NOT_EXECUTED,N/A,CLAIMS_NOT_PERMITTED; NON_CONFIRMATORY_EVIDENCE; NO_ELIGIBLE_CONFIRMATORY_EVIDENCE; REQUIRED_METRIC_OR_TEST_UNAVAILABLE
H3,RQ3,{},NOT_EXECUTED,N/A,NO_ELIGIBLE_CONFIRMATORY_EVIDENCE; REQUIRED_METRIC_OR_TEST_UNAVAILABLE
H4,RQ3,{},NOT_EXECUTED,N/A,NO_ELIGIBLE_CONFIRMATORY_EVIDENCE; REQUIRED_METRIC_OR_TEST_UNAVAILABLE
H5,RQ4,{},NOT_EXECUTED,N/A,NO_ELIGIBLE_CONFIRMATORY_EVIDENCE; REQUIRED_METRIC_OR_TEST_UNAVAILABLE
H6,RQ4,{},NOT_EXECUTED,N/A,NO_ELIGIBLE_CONFIRMATORY_EVIDENCE; REQUIRED_METRIC_OR_TEST_UNAVAILABLE
H7F,RQ5,{},NOT_EXECUTED,N/A,CLAIMS_NOT_PERMITTED; NON_CONFIRMATORY_EVIDENCE; NO_ELIGIBLE_CONFIRMATORY_EVIDENCE; REQUIRED_METRIC_OR_TEST_UNAVAILABLE
H7,RQ5,{},NOT_EXECUTED,N/A,CLAIMS_NOT_PERMITTED; NON_CONFIRMATORY_EVIDENCE; NO_ELIGIBLE_CONFIRMATORY_EVIDENCE; REQUIRED_METRIC_OR_TEST_UNAVAILABLE
H8,RQ6,{},NOT_EXECUTED,N/A,NO_ELIGIBLE_CONFIRMATORY_EVIDENCE; P3_NOT_RETAINED_OR_NOT_PRESENT; REQUIRED_METRIC_OR_TEST_UNAVAILABLE
